address,
0xba1c4b823a1d9ba7c8e3012d6ec4f57d7ddfe501,
0xdd3d60296fd6c7e57fbe7d67472f708c178f4d29,
0x31ea111ebe1963d409ae5731d8bb58975a4e187c,
0xf8e9263f3e4485900634757ed34288d656cd3c99,
0xda2495e2ee77469a471c946e334eed38d0179fd2,
0x120a28683d04ea83f6180d93cb19dbd17d34d8de,
0x19a6b09ccf36b5898f1e1f5f34d39bb54426cc2e,
0xab58f757043156e6ac1871a03bb4d6beed6318cd,
0x494b72002d2901c88590547be5b1ed1a53486245,
0x9b444ccd7b1137225c63ea771f42063ebf71f7ec,
0x0e209f2bf981399b1cf7cd4054e2a78efc56ba55,
0xb8b17ccd40cb726cff486c6cfc23bcf1111fe685,
0x7310bf617117e498c4bd642c85957d12c954d7a6,
0xb5d19f46aeb528b8d698fca297d38a3e55461513,
0x9985d0fd7bc0fc7b16cc68ad6f30ec8e1d02af86,
0xa8b8e611536ce16085a2330dad6483438f1cd385,
0x5246ab3543eefbaa77396b36f07be56b0833c2e6,
0xbfdd332b1aa1630e798ab56daa32205c84c7494d,
0x21830ec7f173b994f9028cbefd7a59cd17737537,
0xb07eaad2bf36b0b878a0094f48cec46ab0efd5bb,
0xcab4490211e0984125b32b79abf5126fb883320f,
0xd1bafa52cf50f0593033f9a457d6688dfc8a16da,
0x6d0fbfcf550e53c6c6a1157567276fd12ef8d1ad,
0xbb35d9f1869da75f16688368dadf870239b97e47,
0xc8b450016f19cf2c5183559c1f2e9892703fb963,
0xcd7dc2ad7085ff6c6e4d71bbfd6956e486e06082,
0x5d8c12265b81aaedd76608b4d90254ecb2c88271,
0xadbe41da2811924c5af64a66125ac2d61bf3b0fb,
0x1281976bf3d94fc907073c4aacb2d75965d8febb,
0xf4142ac962e3200614d854eec7ec99c6744ddab4,
0x66b4fbe31419e451608f960910dff15c50b6db07,
0x756b18614619e0ce316b0ef7922ac0930e7703fb,
0x1e7a796479b43281b2cc101c77c614da83bee86d,
0x9b4792ab1715c34c9b1bd0affde78da5876123c7,
0x3fe4a8b84d0946ffed886ead125e555372cc4405,
0x4d9b945d368301c9d45924d20afb52f54507eab7,
0x8687cee521058f93b622bf1ee8522a661dceaf80,
0xe097e4544e7dc30bb32b43440ae642db192b5c80,
0x3100062cd29e2c5d3beb6244cf67694af653e0e8,
0xd017fc28964d8412918e33a58768e5cbd48751ed,
0xbaf59205fdd2053afadb7b665c24cb13616d8223,
0x16568498c61de2d82dfd3c5a4aae74057c714ac3,
0xa1039322a4eb61809fa0c65846814f9ee162cedd,
0x0cef7bca4b9241ac2fa93ef047f98e0bfb7b1005,
0x0927c3e54e03c999309aa977284bfd8150a89cd6,
0x1b792148c055014660a9334162962e051f210e07,
0x2c0999801db5570867dfa125b978c9b5b097e235,
0xccbee0a649ca33671f5e5f2d0b42f3fab8a130f4,
0xdd1ac3cbcde14fa74991c4edd391e9d16bd7ecf6,
0xe3e2176433b8a6f5a948a85e43a745038bd243ae,
0x68371adc5c60cad985842140d9f553b3eac14733,
0x3603e96e7ac5e1a4ba398bf7c27ad454549f56c1,
0x9e1a9f5a7c7490f29a8f1d9d54b601239da92375,
0xcf9f75c09cf3c8863d7efa63830375cb7a5138f3,
0x59586bb529ff6f995b70af7f79b17e2245e51b71,
0x9b72bcbec8f460787dabe308493266b98f589689,
0xd0477f8f7e380a21dba06c123e4b2e1b2164f20e,
0x46e2f1dbc24b3a37ad3b3abfe03fd4dcb67a30de,
0xcf7b05d92d9cd005c9b75759f82dc7048ca426f9,
0xc7306d8bcbf06dad45118f455d515127ab9a1489,
0x0cfa8a8d623a6f9f377c414931ba29434cc1d679,
0x596f7fd6621714622d473af0d16fb08942de140b,
0x121b1c1a149a395e599e27af9ddec8c4d3bb4e39,
0xa007c718403700e3042a7486a75d57b23953b210,
0xae98e30f29ed202e08909de0ae0f70d0a7fe6933,
0x4e1b9920bf934e4d70ff97d39beb18df4df51656,
0x41f3dea26e1b8b5c049bff6d4f97836c2283a909,frequent transaction w airdrop wallet
0xbc74403083a4c2a0a266ed1552ace6768ebdad6e,frequent transaction w airdrop wallet
0xf8f14d3b0ebde8a8e29ff997130f1f2fe93ea25a,frequent transaction w airdrop wallet
0x231129346b3d2e56e07bfcf18c14cc407f5d1026,frequent transaction w airdrop wallet
0x204ea53756f3a7a5e23ba6ae8e5c8c80efe73dd2,frequent transaction w airdrop wallet
0x2e508d034c49420580efb94f2d5ff17eeab604fb,frequent transaction w airdrop wallet
0x8f4978ca652e52fc367eb9c38545475e19fabda0,
0x205ec99d7cae7c73accb10afbbc46f3ae18e18bc,
0x091720ded045d0e6f09cd403fe4aaa3c214a9dcf,
0x5089fdb766565914d5005160eba68fac5eea2a5c,frequent transaction w airdrop wallet
0x8a1464ac0556e2982383e7f9f2629146d528b494,
0x6c5e87309ee7ff13628cc8c8dbb5fbbb4cb7ca5c,frequent transaction w airdrop wallet
0x8f3ce96c1c69b6274ed7f7b9152a19be7bcf9940,
0x0e7240e9b8a7a1e2eea7b1954fe47f162d6d619d,frequent transaction w airdrop wallet
0xa0063d482dee83d6e25306daeda43abe13ac06be,frequent transaction w airdrop wallet
0x2e42f7a069968a5d11e73bd92679fe67895df223,
0x505ef10195cf67e9124aee3343796e674c03400f,frequent transaction w airdrop wallet
0x94c0821d9f40d3693173c8721a0cd30d11cddbd1,frequent transaction w airdrop wallet
0x5f404d6ca220060fa32e2ebcd2d0e677d470f1cd,frequent transaction w airdrop wallet
0xb74919d6668fb7b0b6075f07af79a53b833e1bde,
0x29aa3a045793df61af5227aa38a34b7ed506656f,frequent transaction w airdrop wallet
0xe09c3696c0562486c4c3de8c7291be8883fe25b3,frequent transaction w airdrop wallet
0x705e702a62796a745d59c65d562925524fb60ea3,frequent transaction w airdrop wallet
0x30903b3840d59161fe0bfb22eff3fb8f89a96ce2,
0xec3f82a825a7ce844c9aaa57c89ce31124c55618,frequent transaction w airdrop wallet
0xc7b2a125aaf32a3fe75a86eea09fd10a4824e225,frequent transaction w airdrop wallet
0xdd2f29331d0d62d78f43b9f09fb183b75c00f3c0,frequent transaction w airdrop wallet
0x0837c3026281188b0e11af8a3ec3ae35f334892d,
0x4c8abf73049c2e62f4fa3389bb0095bf2bdec888,
0xd61df3e293c42ca0ebff5b81bd2a63c618165151,
0x04dad6fbea3262756d8223d9096829d310d2ff6b,
0x0b47628c2d8cfbd7acb13710725697aaa3dad1c3,frequent transaction w airdrop wallet
0x2ddae54c191950ea3327cb1d762861acd3771a1c,
0x0c691e9090414d7d9f93643413e2210fd490665c,frequent transaction w airdrop wallet
0xe29154c0bea124d835ab1a457575b92cbfd86ffc,frequent transaction w airdrop wallet
0xbd4d1388c6ab38f4c202f3f2acb1b5452d63bb21,frequent transaction w airdrop wallet
0x45398081b0c050d7a29bdb4a0a7dd95df6abfa50,frequent transaction w airdrop wallet
0x94d94427c8d9feb78b831b76c12a1e57340f4ced,frequent transaction w airdrop wallet
0xd72baf019ec753fd0b63c905733e28239ee68936,frequent transaction w airdrop wallet
0x6ad58779dcfcdda49b78a95bdaf6b9c2e4582220,frequent transaction w airdrop wallet
0x8101b41a60ced88a9498f91dbb3902af483b0b27,frequent transaction w airdrop wallet
0xa4e24a3d339ee8891c8800acacb87fdf0b473bd6,
0xfc85a826fe1d7cc5f356877dbd8f4d742aa67283,frequent transaction w airdrop wallet
0x09b9325e63760ab3c8e6495fe05c65ce7475ef98,
0xc65cbf814824843f677e02e7240eca0bbe0f6257,
0xd6f3f9c84968d727d9eaa00be83937bdec3c961e,frequent transaction w airdrop wallet
0x527054a6507136284a5f8b1db79d26206953fe83,
0x05668502ec80dd2bbfcdd6849ef1c09055cbf391,frequent transaction w airdrop wallet
0xb6353a669952947220282cdffef0cde4920e49a9,frequent transaction w airdrop wallet
0xc5a128b9b8ba2d66029fd4e07562c40553aede93,frequent transaction w airdrop wallet
0xd408968c9c05b02ef76103890d38f9740d5592a8,frequent transaction w airdrop wallet
0x0bcbbbe7713240c0b0c6126002830ed267e3d05f,frequent transaction w airdrop wallet
0xa682375850e0c3831aca8eb2e51b9745192c06e5,
0x9ee349be47ef40dca8acafb1e08d1fef01fd0d20,
0x177fba5d8f3258206e14a5fa0e33acd9d4253321,frequent transaction w airdrop wallet
0x36ff0c58ce9dc3697282c5e76f7e42f4642ee4cb,
0x9985d0fd7bc0fc7b16cc68ad6f30ec8e1d02af86,
0xfa817838c3867bce682fb9abd132a04826408253,
0xec5f1817a8fba834fdb444edc1fffa7544d11242,
0x87b6240daf86971f98f3cfa2e636dad279c74b9c,
0x6919163b5e01312afa3888571baef2e27d3fa276,
0xe89902bf1ac940b50f9d57369fa4d4cf057fac41,
0x66d2199887124477efc16022fe0298390ced84bd,
0x42a59a666c53558dfa793e6fe06237598f891ee9,
0xc061923fcaddc2e7026f3642a11b8dede7dc8a02,
0x4e41c99081157c6a2bfe3679d7da051402d222d7,received lots of airdrop
0xa18df49ebc121d2bcf756b40f1b97ce8b835830f,received lots of airdrop
0xa32888314a269ee19b83813cb000e9d723466cec,received lots of airdrop
0x83bd2047212cfceb74aebf7192dfb2a990640026,received lots of airdrop
0x0305b23f67dc7c26a1b3f6c1681177bccc116944,
0x83bd2047212cfceb74aebf7192dfb2a990640026,
0x2e02cf930374dfe0fca6ab2e0ae9af498f0eeb5f,
0xe0def82e11f67e39861e4d458a0b51853ec3cbfe,
0x077d360f11d220e4d5d831430c81c26c9be7c4a4,received rewards
0x4023a9b5a7b1b42f922db520845798c1a46f134f,
0x50951d9cbc51e4113e74b9fb5c384d919d47785a,
0x4c968f6beecf1906710b08e8b472b8ba6e75f957,"high frequency transaction, but received airdrops"
0x0bfa1450e49b3ad61f9cc30e37ace13f5af8ae61,"high frequency transaction, but has real token transactions"
0x8086061cf07c03559fbb4aa58f191f9c4a5df2b2,received airdrops
0x3a05e5d33d7ab3864d53aaec93c8301c1fa49115,received rewards and airdrops
0x64301a9b71acbfadc72e4f3405069b74494c57b1,received rewards
0x8a4aa176007196d48d39c89402d3753c39ae64c1,received rewards
0x456325f2ac7067234dd71e01bebe032b0255e039,received airdrops
0x4429bf5eac1629e8fc199916efe316f1794b975f,"high frequency transaction, but received airdrops"
0x1650683e50e075efc778be4d1a6be929f3831719,"high frequency transaction, but received airdrops"
0xee73323912a4e3772b74ed0ca1595a152b0ef282,"high frequency transaction, but received airdrops"
0x3a0d24d59af3a3444dc6ef12cdb0c6e38c985288,
0x87e217b112b2eecc1006b7bbfcf9088cc2e124b4,received airdrops
0x975d9bd9928f398c7e01f6ba236816fa558cd94b,
0xa470568123c821ecfec03a0128615912aadbaca0,received rewards and airdrops
0x5a7bb2477d7af6bc62dc81562a7f5d1ef00d7502,received rewards and airdrops
0xb9b5f93aff3ffd31ba5a77dd297029098d0d7cf7,received rewards and airdrops
0x77a5da930d7b383ae0a967d52aeeac4958efc17b,received rewards and airdrops
0x17f52a50227ea7aa6042eaae44c84a9a9d59d092,"high frequency transaction, but received airdrops"
0xc61af263991d955538dee630c09091802f34b79a,
0x7d8f1a649945057ee95f47fcc447297e332956c8,
0x3318d0c347d8de15006c418aa1ed1802d474d175,
0x21519f301d4cfb592fceae6f15d1624694b73dae,
0x58608de4a9154c8cc2fb3c39d60b1f8f46f7cc38,received rewards and airdrops
0xea9b57b9f84969d60d8aa483f4cef7d934855580,received rewards and airdrops
0xd17c5e8cd579036c3d328bb293bc4317e99f933f,received rewards and airdrops
0x4a7fa9500e52c139df232ce2d9587b330f1b3901,"high frequency transaction, but received airdrops"
0xebe9f0540df89509e5fbd4693c85ad66f73affc9,
0x4c26fa8d59254aaa2955d0914635a6d408cad8f9,received rewards and airdrops
0xdb6fb44ef463e55f20220117bf90a46100b3fe01,"high frequency transaction, but received airdrops"
0x044dc45a07d6baa9b4ea6050ee476d477162f82e,received airdrops
0x61c121e952ed8a1ad6e219ab81cc01dde09c13f6,received rewards and airdrops
0x221627e9ba810f9d9e059a7cdd0aad40a0476722,"high frequency transaction, but received airdrops and rewards"
0xdff734c9ef0d7935ebb07cd9d8aef20d2fce1df5,"high frequency transaction, but received airdrops and rewards"
0x0166f6b0ac0900d0b7499755bf7038c4cc819b04,received rewards and airdrops